<?xml version="1.0" encoding="UTF-8" standalone="no" ?>


<service xmlns="http://www.n-able.com" author="Servinal" creationdate="06/01/2018" organization="N-able Technologies" syntaxversion="1.1.0.0" version="1.0.1.4" xmlns:xsi="http://www.w3.org/2001/XMLSchema-instance">


	<servicedefinition id="731050" reason="" releasedependency="4.5.0.0" servicetype="SNMP" version="1.0.1.4">
		<description country="ca" language="en"/>
		<displayname country="ca" language="en">Nutanix Disk Status</displayname>
		<displaylabel>Nutanix Disk Status</displaylabel>
		<help country="ca" language="en">Nutanix Disk Status</help>
		<popuphelp country="ca" language="en">Nutanix Disk Status</popuphelp>


		<serviceparameters aggregatedata="true" aggregatetasks="false" maxinstances="100" maxpollrate="59" minpollrate="1" schedulertype="Cron-like Scheduler" serviceinstancetype="Single" timetostale="10000" usesstockserviceitem="false"/>


		<moduleparameters>


		
			<moduleparameter key="Group.0" max="null" min="null" phardcoded="true" preferredident="0" foruseby="2" type="2" value="Disk Status">
				<shortdescription country="ca" language="en">Group name</shortdescription>
				<longdescription country="ca" language="en">Group name</longdescription>
				<help country="ca" language="en">Group name</help>
			</moduleparameter>
			<moduleparameter key="Group.0.TargetValue.0" max="null" min="null" phardcoded="false" preferredident="1" foruseby="3" type="2" value="SNMP Index">
				<shortdescription country="ca" language="en">SNMP Index</shortdescription>
				<longdescription country="ca" language="en">SNMP Index</longdescription>
				<help country="ca" language="en">Enter the name of the SNMP Index to be used by this service</help>
				<presentationinfo>
					<presentationitem datatype="String" description="" type="canUseAssetInfo" value="true" />
					<presentationitem datatype="String" description="" type="mandatory" value="" />
				</presentationinfo>
			</moduleparameter>
			<moduleparameter key="Group.0.Var.0.OID.0" max="null" min="null" phardcoded="true" preferredident="0" foruseby="3" type="2" value="1.3.6.1.4.1.41263.3.1.1">
				<shortdescription country="ca" language="en">OID 0</shortdescription>
				<longdescription country="ca" language="en">OID 0</longdescription>
				<help country="ca" language="en">OID 0</help>
			</moduleparameter>
			<moduleparameter key="Group.0.Var.0.VarName.0" max="null" min="null" phardcoded="true" preferredident="0" foruseby="3" type="2" value="TargetValue">
				<shortdescription country="ca" language="en">Variable 0</shortdescription>
				<longdescription country="ca" language="en">Variable 0</longdescription>
				<help country="ca" language="en">Variable 0</help>
			</moduleparameter>
			<moduleparameter key="Group.0.Var.1.OID.0" max="null" min="null" phardcoded="true" preferredident="0" foruseby="3" type="2" value="1.3.6.1.4.1.41263.3.1.2">
				<shortdescription country="ca" language="en">OID 1</shortdescription>
				<longdescription country="ca" language="en">OID 1</longdescription>
				<help country="ca" language="en">OID 1</help>
			</moduleparameter>
			<moduleparameter key="Group.0.Var.1.VarName.0" max="null" min="null" phardcoded="true" preferredident="0" foruseby="3" type="2" value="dstDiskId">
				<shortdescription country="ca" language="en">Variable 1</shortdescription>
				<longdescription country="ca" language="en">Variable 1</longdescription>
				<help country="ca" language="en">Variable 1</help>
			</moduleparameter>
			<moduleparameter key="Group.0.Var.2.OID.0" max="null" min="null" phardcoded="true" preferredident="0" foruseby="3" type="2" value="1.3.6.1.4.1.41263.3.1.4">
				<shortdescription country="ca" language="en">OID 2</shortdescription>
				<longdescription country="ca" language="en">OID 2</longdescription>
				<help country="ca" language="en">OID 2</help>
			</moduleparameter>
			<moduleparameter key="Group.0.Var.2.VarName.0" max="null" min="null" phardcoded="true" preferredident="0" foruseby="3" type="2" value="dskSerial">
				<shortdescription country="ca" language="en">Variable 2</shortdescription>
				<longdescription country="ca" language="en">Variable 2</longdescription>
				<help country="ca" language="en">Variable 2</help>
			</moduleparameter>
			<moduleparameter key="Group.0.Var.3.OID.0" max="null" min="null" phardcoded="true" preferredident="0" foruseby="3" type="2" value="1.3.6.1.4.1.41263.3.1.10">
				<shortdescription country="ca" language="en">OID 3</shortdescription>
				<longdescription country="ca" language="en">OID 3</longdescription>
				<help country="ca" language="en">OID 3</help>
			</moduleparameter>
			<moduleparameter key="Group.0.Var.3.VarName.0" max="null" min="null" phardcoded="true" preferredident="0" foruseby="3" type="2" value="dskAverageLatency">
				<shortdescription country="ca" language="en">Variable 3</shortdescription>
				<longdescription country="ca" language="en">Variable 3</longdescription>
				<help country="ca" language="en">Variable 3</help>
			</moduleparameter>
			<moduleparameter key="Group.0.Var.4.OID.0" max="null" min="null" phardcoded="true" preferredident="0" foruseby="3" type="2" value="1.3.6.1.4.1.41263.3.1.11">
				<shortdescription country="ca" language="en">OID 4</shortdescription>
				<longdescription country="ca" language="en">OID 4</longdescription>
				<help country="ca" language="en">OID 4</help>
			</moduleparameter>
			<moduleparameter key="Group.0.Var.4.VarName.0" max="null" min="null" phardcoded="true" preferredident="0" foruseby="3" type="2" value="dskIOBandwidth">
				<shortdescription country="ca" language="en">Variable 4</shortdescription>
				<longdescription country="ca" language="en">Variable 4</longdescription>
				<help country="ca" language="en">Variable 4</help>
			</moduleparameter>
			<moduleparameter key="Group.0.Var.5.OID.0" max="null" min="null" phardcoded="true" preferredident="0" foruseby="3" type="2" value="1.3.6.1.4.1.41263.3.1.12">
				<shortdescription country="ca" language="en">OID 5</shortdescription>
				<longdescription country="ca" language="en">OID 5</longdescription>
				<help country="ca" language="en">OID 5</help>
			</moduleparameter>
			<moduleparameter key="Group.0.Var.5.VarName.0" max="null" min="null" phardcoded="true" preferredident="0" foruseby="3" type="2" value="dstNumberIops">
				<shortdescription country="ca" language="en">Variable 5</shortdescription>
				<longdescription country="ca" language="en">Variable 5</longdescription>
				<help country="ca" language="en">Variable 5</help>
			</moduleparameter>
			<moduleparameter key="Group.0.Var.7.OID.0" max="null" min="null" phardcoded="true" preferredident="0" foruseby="3" type="2" value="1.3.6.1.4.1.41263.3.1.13">
				<shortdescription country="ca" language="en">OID 7</shortdescription>
				<longdescription country="ca" language="en">OID 7</longdescription>
				<help country="ca" language="en">OID 7</help>
			</moduleparameter>
			<moduleparameter key="Group.0.Var.7.VarName.0" max="null" min="null" phardcoded="true" preferredident="0" foruseby="3" type="2" value="dstState">
				<shortdescription country="ca" language="en">Variable 7</shortdescription>
				<longdescription country="ca" language="en">Variable 7</longdescription>
				<help country="ca" language="en">Variable 7</help>
			</moduleparameter>
			<moduleparameter key="Group.0.Var.8.OID.0" max="null" min="null" phardcoded="true" preferredident="0" foruseby="3" type="2" value="1.3.6.1.4.1.41263.3.1.3">
				<shortdescription country="ca" language="en">OID 8</shortdescription>
				<longdescription country="ca" language="en">OID 8</longdescription>
				<help country="ca" language="en">OID 8</help>
			</moduleparameter>
			<moduleparameter key="Group.0.Var.8.VarName.0" max="null" min="null" phardcoded="true" preferredident="0" foruseby="3" type="2" value="dstControllerVMId">
				<shortdescription country="ca" language="en">Variable 8</shortdescription>
				<longdescription country="ca" language="en">Variable 8</longdescription>
				<help country="ca" language="en">Variable 8</help>
			</moduleparameter>
			<moduleparameter key="Scandetail.0.Recipe.0" max="null" min="null" phardcoded="true" preferredident="0" foruseby="3" type="2" value="$dstDiskId">
				<shortdescription country="ca" language="en">Scan detail recipe</shortdescription>
				<longdescription country="ca" language="en">Scan detail recipe</longdescription>
				<help country="ca" language="en">Scan detail recipe</help>
			</moduleparameter>
			<moduleparameter key="Scandetail.0.ScandetailName.0" max="null" min="null" phardcoded="true" preferredident="0" foruseby="3" type="2" value="SD731050_SNMP_1">
				<shortdescription country="ca" language="en">Scan detail name</shortdescription>
				<longdescription country="ca" language="en">Scan detail name</longdescription>
				<help country="ca" language="en">Scan detail name</help>
			</moduleparameter>
			<moduleparameter key="Scandetail.0.Type.0" max="null" min="null" phardcoded="true" preferredident="0" foruseby="3" type="2" value="String">
				<shortdescription country="ca" language="en">Scan detail type</shortdescription>
				<longdescription country="ca" language="en">Scan detail type</longdescription>
				<help country="ca" language="en">Scan detail type</help>
			</moduleparameter>
			<moduleparameter key="Scandetail.1.Recipe.0" max="null" min="null" phardcoded="true" preferredident="0" foruseby="3" type="2" value="$dstControllerVMId">
				<shortdescription country="ca" language="en">Scan detail recipe</shortdescription>
				<longdescription country="ca" language="en">Scan detail recipe</longdescription>
				<help country="ca" language="en">Scan detail recipe</help>
			</moduleparameter>
			<moduleparameter key="Scandetail.1.ScandetailName.0" max="null" min="null" phardcoded="true" preferredident="0" foruseby="3" type="2" value="SD731050_SNMP_2">
				<shortdescription country="ca" language="en">Scan detail name</shortdescription>
				<longdescription country="ca" language="en">Scan detail name</longdescription>
				<help country="ca" language="en">Scan detail name</help>
			</moduleparameter>
			<moduleparameter key="Scandetail.1.Type.0" max="null" min="null" phardcoded="true" preferredident="0" foruseby="3" type="2" value="String">
				<shortdescription country="ca" language="en">Scan detail type</shortdescription>
				<longdescription country="ca" language="en">Scan detail type</longdescription>
				<help country="ca" language="en">Scan detail type</help>
			</moduleparameter>
			<moduleparameter key="Scandetail.2.Recipe.0" max="null" min="null" phardcoded="true" preferredident="0" foruseby="3" type="2" value="$dskSerial">
				<shortdescription country="ca" language="en">Scan detail recipe</shortdescription>
				<longdescription country="ca" language="en">Scan detail recipe</longdescription>
				<help country="ca" language="en">Scan detail recipe</help>
			</moduleparameter>
			<moduleparameter key="Scandetail.2.ScandetailName.0" max="null" min="null" phardcoded="true" preferredident="0" foruseby="3" type="2" value="SD731050_SNMP_3">
				<shortdescription country="ca" language="en">Scan detail name</shortdescription>
				<longdescription country="ca" language="en">Scan detail name</longdescription>
				<help country="ca" language="en">Scan detail name</help>
			</moduleparameter>
			<moduleparameter key="Scandetail.2.Type.0" max="null" min="null" phardcoded="true" preferredident="0" foruseby="3" type="2" value="String">
				<shortdescription country="ca" language="en">Scan detail type</shortdescription>
				<longdescription country="ca" language="en">Scan detail type</longdescription>
				<help country="ca" language="en">Scan detail type</help>
			</moduleparameter>
			<moduleparameter key="Scandetail.3.Recipe.0" max="null" min="null" phardcoded="true" preferredident="0" foruseby="3" type="2" value="$dskAverageLatency 1000.0 /">
				<shortdescription country="ca" language="en">Scan detail recipe</shortdescription>
				<longdescription country="ca" language="en">Scan detail recipe</longdescription>
				<help country="ca" language="en">Scan detail recipe</help>
			</moduleparameter>
			<moduleparameter key="Scandetail.3.ScandetailName.0" max="null" min="null" phardcoded="true" preferredident="0" foruseby="3" type="2" value="SD731050_SNMP_4">
				<shortdescription country="ca" language="en">Scan detail name</shortdescription>
				<longdescription country="ca" language="en">Scan detail name</longdescription>
				<help country="ca" language="en">Scan detail name</help>
			</moduleparameter>
			<moduleparameter key="Scandetail.3.Type.0" max="null" min="null" phardcoded="true" preferredident="0" foruseby="3" type="2" value="uint64">
				<shortdescription country="ca" language="en">Scan detail type</shortdescription>
				<longdescription country="ca" language="en">Scan detail type</longdescription>
				<help country="ca" language="en">Scan detail type</help>
			</moduleparameter>
			<moduleparameter key="Scandetail.4.Recipe.0" max="null" min="null" phardcoded="true" preferredident="0" foruseby="3" type="2" value="$dskIOBandwidth 1000.0 *">
				<shortdescription country="ca" language="en">Scan detail recipe</shortdescription>
				<longdescription country="ca" language="en">Scan detail recipe</longdescription>
				<help country="ca" language="en">Scan detail recipe</help>
			</moduleparameter>
			<moduleparameter key="Scandetail.4.ScandetailName.0" max="null" min="null" phardcoded="true" preferredident="0" foruseby="3" type="2" value="SD731050_SNMP_5">
				<shortdescription country="ca" language="en">Scan detail name</shortdescription>
				<longdescription country="ca" language="en">Scan detail name</longdescription>
				<help country="ca" language="en">Scan detail name</help>
			</moduleparameter>
			<moduleparameter key="Scandetail.4.Type.0" max="null" min="null" phardcoded="true" preferredident="0" foruseby="3" type="2" value="uint64">
				<shortdescription country="ca" language="en">Scan detail type</shortdescription>
				<longdescription country="ca" language="en">Scan detail type</longdescription>
				<help country="ca" language="en">Scan detail type</help>
			</moduleparameter>
			<moduleparameter key="Scandetail.5.Recipe.0" max="null" min="null" phardcoded="true" preferredident="0" foruseby="3" type="2" value="$dstNumberIops">
				<shortdescription country="ca" language="en">Scan detail recipe</shortdescription>
				<longdescription country="ca" language="en">Scan detail recipe</longdescription>
				<help country="ca" language="en">Scan detail recipe</help>
			</moduleparameter>
			<moduleparameter key="Scandetail.5.ScandetailName.0" max="null" min="null" phardcoded="true" preferredident="0" foruseby="3" type="2" value="SD731050_SNMP_6">
				<shortdescription country="ca" language="en">Scan detail name</shortdescription>
				<longdescription country="ca" language="en">Scan detail name</longdescription>
				<help country="ca" language="en">Scan detail name</help>
			</moduleparameter>
			<moduleparameter key="Scandetail.5.Type.0" max="null" min="null" phardcoded="true" preferredident="0" foruseby="3" type="2" value="uint64">
				<shortdescription country="ca" language="en">Scan detail type</shortdescription>
				<longdescription country="ca" language="en">Scan detail type</longdescription>
				<help country="ca" language="en">Scan detail type</help>
			</moduleparameter>
			<moduleparameter key="Scandetail.6.Map.0" max="null" min="null" phardcoded="false" preferredident="0" foruseby="3" type="2" value="1">
				<shortdescription country="ca" language="en">Normal Mapping</shortdescription>
				<longdescription country="ca" language="en">Normal Mapping</longdescription>
				<help country="ca" language="en">Normal Mapping</help>
			</moduleparameter>
			<moduleparameter key="Scandetail.6.Map.1" max="null" min="null" phardcoded="false" preferredident="0" foruseby="3" type="2" value="0">
				<shortdescription country="ca" language="en">Warning Mapping</shortdescription>
				<longdescription country="ca" language="en">Warning Mapping</longdescription>
				<help country="ca" language="en">Warning Mapping</help>
			</moduleparameter>
			<moduleparameter key="Scandetail.6.Map.2" max="null" min="null" phardcoded="false" preferredident="0" foruseby="3" type="2" value="2">
				<shortdescription country="ca" language="en">Failed Mapping</shortdescription>
				<longdescription country="ca" language="en">Failed Mapping</longdescription>
				<help country="ca" language="en">Failed Mapping</help>
			</moduleparameter>
			<moduleparameter key="Scandetail.6.Recipe.0" max="null" min="null" phardcoded="true" preferredident="0" foruseby="3" type="2" value="$dstState">
				<shortdescription country="ca" language="en">Scan detail recipe</shortdescription>
				<longdescription country="ca" language="en">Scan detail recipe</longdescription>
				<help country="ca" language="en">Scan detail recipe</help>
			</moduleparameter>
			<moduleparameter key="Scandetail.6.ScandetailName.0" max="null" min="null" phardcoded="true" preferredident="0" foruseby="3" type="2" value="SD731050_SNMP_7">
				<shortdescription country="ca" language="en">Scan detail name</shortdescription>
				<longdescription country="ca" language="en">Scan detail name</longdescription>
				<help country="ca" language="en">Scan detail name</help>
			</moduleparameter>
			<moduleparameter key="Scandetail.6.Type.0" max="null" min="null" phardcoded="true" preferredident="0" foruseby="3" type="2" value="uint8">
				<shortdescription country="ca" language="en">Scan detail type</shortdescription>
				<longdescription country="ca" language="en">Scan detail type</longdescription>
				<help country="ca" language="en">Scan detail type</help>
			</moduleparameter>
			<moduleparameter key="scan_interval" max="null" min="null" phardcoded="false" preferredident="0" foruseby="3" type="2" value="0,5,10,15,20,25,30,35,40,45,50,55 0-23 * * *">
				<shortdescription country="ca" language="en">Scan Interval</shortdescription>
				<longdescription country="ca" language="en">Scan Interval</longdescription>
				<help country="ca" language="en">The number of minutes between scans.</help>
			</moduleparameter>
		</moduleparameters>



		<scandetails>
			<scandetailid>3240800</scandetailid>
			<scandetailid>3240801</scandetailid>
			<scandetailid>3240802</scandetailid>
			<scandetailid>3240803</scandetailid>
			<scandetailid>3240804</scandetailid>
			<scandetailid>3240805</scandetailid>
			<scandetailid>3240806</scandetailid>
		</scandetails>
	</servicedefinition>



	<scandetail id="3240800" monitoringtypeon="true" processforstate="false" cookid="34" releasedependency="11.0.1.1055" version="1.0.0.0" >
		<description country="ca" language="en">Disk ID</description>
		<displayname country="ca" language="en">SD731050_SNMP_1</displayname>
	</scandetail>



	<scandetail id="3240801" monitoringtypeon="true" processforstate="false" cookid="34" releasedependency="11.0.1.1055" version="1.0.0.0" >
		<description country="ca" language="en">Disk Controller VM ID</description>
		<displayname country="ca" language="en">SD731050_SNMP_2</displayname>
	</scandetail>



	<scandetail id="3240802" monitoringtypeon="true" processforstate="false" cookid="34" releasedependency="11.0.1.1055" version="1.0.0.0" >
		<description country="ca" language="en">Disk Serial Number</description>
		<displayname country="ca" language="en">SD731050_SNMP_3</displayname>
	</scandetail>



	<scandetail id="3240803" unit="ms" monitoringtypeon="true" processforstate="false" cookid="21" releasedependency="11.0.1.1055" version="1.0.0.0" >
		<description country="ca" language="en">Disk Average IO Latency</description>
		<displayname country="ca" language="en">SD731050_SNMP_4</displayname>
	</scandetail>



	<scandetail id="3240804" unit="Bytes/Second" monitoringtypeon="true" processforstate="false" cookid="21" releasedependency="11.0.1.1055" version="1.0.0.0" >
		<description country="ca" language="en">Disk IO Bandwidth</description>
		<displayname country="ca" language="en">SD731050_SNMP_5</displayname>
	</scandetail>



	<scandetail id="3240805" unit="Operations/sec" monitoringtypeon="true" processforstate="false" cookid="21" releasedependency="11.0.1.1055" version="1.0.0.0" >
		<description country="ca" language="en">Disk IOPS</description>
		<displayname country="ca" language="en">SD731050_SNMP_6</displayname>
	</scandetail>



	<scandetail id="3240806" monitoringtypeon="true" processforstate="true" cookid="15" releasedependency="11.0.1.1055" version="1.0.0.0" >
		<thresholddefaults>
			<thresholds configurable="true" type="uint8"><threshold high="0" low="0" streval="" strvalue="" state="Normal"/><threshold high="1" low="1" streval="" strvalue="" state="Warning"/><threshold high="2" low="2" streval="" strvalue="" state="Failed"/>
			</thresholds>
		</thresholddefaults>
		<description country="ca" language="en">Disk State</description>
		<displayname country="ca" language="en">SD731050_SNMP_7</displayname>
	</scandetail>
</service>
<?N-able-SDK version=3.0?>