<?xml version="1.0" encoding="UTF-8" standalone="no" ?>


<service xmlns="http://www.n-able.com" author="Servinal" creationdate="06/01/2018" organization="N-able Technologies" syntaxversion="1.1.0.0" version="1.0.1.0" xmlns:xsi="http://www.w3.org/2001/XMLSchema-instance">


	<servicedefinition id="879827" reason="" releasedependency="4.5.0.0" servicetype="SNMP" version="1.0.1.0">
		<description country="ca" language="en"/>
		<displayname country="ca" language="en">Nutanix Controller</displayname>
		<displaylabel>Nutanix Controller</displaylabel>
		<help country="ca" language="en">Nutanix Controller</help>
		<popuphelp country="ca" language="en">Nutanix Controller</popuphelp>


		<serviceparameters aggregatedata="true" aggregatetasks="false" maxinstances="100" maxpollrate="59" minpollrate="1" schedulertype="Cron-like Scheduler" serviceinstancetype="Single" timetostale="10000" usesstockserviceitem="false"/>


		<moduleparameters>


		
			<moduleparameter key="Group.0" max="null" min="null" phardcoded="true" preferredident="0" foruseby="2" type="2" value="Controller Status">
				<shortdescription country="ca" language="en">Group name</shortdescription>
				<longdescription country="ca" language="en">Group name</longdescription>
				<help country="ca" language="en">Group name</help>
			</moduleparameter>
			<moduleparameter key="Group.0.TargetValue.0" max="null" min="null" phardcoded="false" preferredident="1" foruseby="3" type="2" value="SNMP Index">
				<shortdescription country="ca" language="en">SNMP Index</shortdescription>
				<longdescription country="ca" language="en">SNMP Index</longdescription>
				<help country="ca" language="en">Enter the name of the SNMP Index to be used by this service</help>
				<presentationinfo>
					<presentationitem datatype="String" description="" type="mandatory" value="" />
					<presentationitem datatype="String" description="" type="canUseAssetInfo" value="true" />
				</presentationinfo>
			</moduleparameter>
			<moduleparameter key="Group.0.Var.0.OID.0" max="null" min="null" phardcoded="true" preferredident="0" foruseby="3" type="2" value="1.3.6.1.4.1.41263.11.1.1">
				<shortdescription country="ca" language="en">OID 0</shortdescription>
				<longdescription country="ca" language="en">OID 0</longdescription>
				<help country="ca" language="en">OID 0</help>
			</moduleparameter>
			<moduleparameter key="Group.0.Var.0.VarName.0" max="null" min="null" phardcoded="true" preferredident="0" foruseby="3" type="2" value="TargetValue">
				<shortdescription country="ca" language="en">Variable 0</shortdescription>
				<longdescription country="ca" language="en">Variable 0</longdescription>
				<help country="ca" language="en">Variable 0</help>
			</moduleparameter>
			<moduleparameter key="Group.0.Var.1.OID.0" max="null" min="null" phardcoded="true" preferredident="0" foruseby="3" type="2" value="1.3.6.1.4.1.41263.11.1.2">
				<shortdescription country="ca" language="en">OID 1</shortdescription>
				<longdescription country="ca" language="en">OID 1</longdescription>
				<help country="ca" language="en">OID 1</help>
			</moduleparameter>
			<moduleparameter key="Group.0.Var.1.VarName.0" max="null" min="null" phardcoded="true" preferredident="0" foruseby="3" type="2" value="cstControllerVMId">
				<shortdescription country="ca" language="en">Variable 1</shortdescription>
				<longdescription country="ca" language="en">Variable 1</longdescription>
				<help country="ca" language="en">Variable 1</help>
			</moduleparameter>
			<moduleparameter key="Group.0.Var.2.OID.0" max="null" min="null" phardcoded="true" preferredident="0" foruseby="3" type="2" value="1.3.6.1.4.1.41263.11.1.3">
				<shortdescription country="ca" language="en">OID 2</shortdescription>
				<longdescription country="ca" language="en">OID 2</longdescription>
				<help country="ca" language="en">OID 2</help>
			</moduleparameter>
			<moduleparameter key="Group.0.Var.2.VarName.0" max="null" min="null" phardcoded="true" preferredident="0" foruseby="3" type="2" value="cstControllerVMStatus">
				<shortdescription country="ca" language="en">Variable 2</shortdescription>
				<longdescription country="ca" language="en">Variable 2</longdescription>
				<help country="ca" language="en">Variable 2</help>
			</moduleparameter>
			<moduleparameter key="Group.0.Var.3.OID.0" max="null" min="null" phardcoded="true" preferredident="0" foruseby="3" type="2" value="1.3.6.1.4.1.41263.11.1.4">
				<shortdescription country="ca" language="en">OID 3</shortdescription>
				<longdescription country="ca" language="en">OID 3</longdescription>
				<help country="ca" language="en">OID 3</help>
			</moduleparameter>
			<moduleparameter key="Group.0.Var.3.VarName.0" max="null" min="null" phardcoded="true" preferredident="0" foruseby="3" type="2" value="cstDataServiceStatus">
				<shortdescription country="ca" language="en">Variable 3</shortdescription>
				<longdescription country="ca" language="en">Variable 3</longdescription>
				<help country="ca" language="en">Variable 3</help>
			</moduleparameter>
			<moduleparameter key="Group.0.Var.4.OID.0" max="null" min="null" phardcoded="true" preferredident="0" foruseby="3" type="2" value="1.3.6.1.4.1.41263.11.1.5">
				<shortdescription country="ca" language="en">OID 4</shortdescription>
				<longdescription country="ca" language="en">OID 4</longdescription>
				<help country="ca" language="en">OID 4</help>
			</moduleparameter>
			<moduleparameter key="Group.0.Var.4.VarName.0" max="null" min="null" phardcoded="true" preferredident="0" foruseby="3" type="2" value="cstMetadataServiceStatus">
				<shortdescription country="ca" language="en">Variable 4</shortdescription>
				<longdescription country="ca" language="en">Variable 4</longdescription>
				<help country="ca" language="en">Variable 4</help>
			</moduleparameter>
			<moduleparameter key="Scandetail.0.Recipe.0" max="null" min="null" phardcoded="true" preferredident="0" foruseby="3" type="2" value="$cstControllerVMId">
				<shortdescription country="ca" language="en">Scan detail recipe</shortdescription>
				<longdescription country="ca" language="en">Scan detail recipe</longdescription>
				<help country="ca" language="en">Scan detail recipe</help>
			</moduleparameter>
			<moduleparameter key="Scandetail.0.ScandetailName.0" max="null" min="null" phardcoded="true" preferredident="0" foruseby="3" type="2" value="SD879827_SNMP_1">
				<shortdescription country="ca" language="en">Scan detail name</shortdescription>
				<longdescription country="ca" language="en">Scan detail name</longdescription>
				<help country="ca" language="en">Scan detail name</help>
			</moduleparameter>
			<moduleparameter key="Scandetail.0.Type.0" max="null" min="null" phardcoded="true" preferredident="0" foruseby="3" type="2" value="String">
				<shortdescription country="ca" language="en">Scan detail type</shortdescription>
				<longdescription country="ca" language="en">Scan detail type</longdescription>
				<help country="ca" language="en">Scan detail type</help>
			</moduleparameter>
			<moduleparameter key="Scandetail.1.Recipe.0" max="null" min="null" phardcoded="true" preferredident="0" foruseby="3" type="2" value="$cstControllerVMStatus">
				<shortdescription country="ca" language="en">Scan detail recipe</shortdescription>
				<longdescription country="ca" language="en">Scan detail recipe</longdescription>
				<help country="ca" language="en">Scan detail recipe</help>
			</moduleparameter>
			<moduleparameter key="Scandetail.1.ScandetailName.0" max="null" min="null" phardcoded="true" preferredident="0" foruseby="3" type="2" value="SD879827_SNMP_2">
				<shortdescription country="ca" language="en">Scan detail name</shortdescription>
				<longdescription country="ca" language="en">Scan detail name</longdescription>
				<help country="ca" language="en">Scan detail name</help>
			</moduleparameter>
			<moduleparameter key="Scandetail.1.Type.0" max="null" min="null" phardcoded="true" preferredident="0" foruseby="3" type="2" value="String">
				<shortdescription country="ca" language="en">Scan detail type</shortdescription>
				<longdescription country="ca" language="en">Scan detail type</longdescription>
				<help country="ca" language="en">Scan detail type</help>
			</moduleparameter>
			<moduleparameter key="Scandetail.2.Recipe.0" max="null" min="null" phardcoded="true" preferredident="0" foruseby="3" type="2" value="$cstDataServiceStatus">
				<shortdescription country="ca" language="en">Scan detail recipe</shortdescription>
				<longdescription country="ca" language="en">Scan detail recipe</longdescription>
				<help country="ca" language="en">Scan detail recipe</help>
			</moduleparameter>
			<moduleparameter key="Scandetail.2.ScandetailName.0" max="null" min="null" phardcoded="true" preferredident="0" foruseby="3" type="2" value="SD879827_SNMP_3">
				<shortdescription country="ca" language="en">Scan detail name</shortdescription>
				<longdescription country="ca" language="en">Scan detail name</longdescription>
				<help country="ca" language="en">Scan detail name</help>
			</moduleparameter>
			<moduleparameter key="Scandetail.2.Type.0" max="null" min="null" phardcoded="true" preferredident="0" foruseby="3" type="2" value="String">
				<shortdescription country="ca" language="en">Scan detail type</shortdescription>
				<longdescription country="ca" language="en">Scan detail type</longdescription>
				<help country="ca" language="en">Scan detail type</help>
			</moduleparameter>
			<moduleparameter key="Scandetail.3.Recipe.0" max="null" min="null" phardcoded="true" preferredident="0" foruseby="3" type="2" value="$cstMetadataServiceStatus">
				<shortdescription country="ca" language="en">Scan detail recipe</shortdescription>
				<longdescription country="ca" language="en">Scan detail recipe</longdescription>
				<help country="ca" language="en">Scan detail recipe</help>
			</moduleparameter>
			<moduleparameter key="Scandetail.3.ScandetailName.0" max="null" min="null" phardcoded="true" preferredident="0" foruseby="3" type="2" value="SD879827_SNMP_4">
				<shortdescription country="ca" language="en">Scan detail name</shortdescription>
				<longdescription country="ca" language="en">Scan detail name</longdescription>
				<help country="ca" language="en">Scan detail name</help>
			</moduleparameter>
			<moduleparameter key="Scandetail.3.Type.0" max="null" min="null" phardcoded="true" preferredident="0" foruseby="3" type="2" value="String">
				<shortdescription country="ca" language="en">Scan detail type</shortdescription>
				<longdescription country="ca" language="en">Scan detail type</longdescription>
				<help country="ca" language="en">Scan detail type</help>
			</moduleparameter>
			<moduleparameter key="scan_interval" max="null" min="null" phardcoded="false" preferredident="0" foruseby="3" type="2" value="0,5,10,15,20,25,30,35,40,45,50,55 0-23 * * *">
				<shortdescription country="ca" language="en">Scan Interval</shortdescription>
				<longdescription country="ca" language="en">Scan Interval</longdescription>
				<help country="ca" language="en">The number of minutes between scans.</help>
			</moduleparameter>
		</moduleparameters>



		<scandetails>
			<scandetailid>3156100</scandetailid>
			<scandetailid>3156101</scandetailid>
			<scandetailid>3156102</scandetailid>
			<scandetailid>3156103</scandetailid>
		</scandetails>
	</servicedefinition>



	<scandetail id="3156100" monitoringtypeon="true" processforstate="false" cookid="34" releasedependency="11.0.1.1055" version="1.0.0.0" >
		<description country="ca" language="en">Nutanix Controller VM Id.</description>
		<displayname country="ca" language="en">SD879827_SNMP_1</displayname>
	</scandetail>



	<scandetail id="3156101" monitoringtypeon="true" processforstate="false" cookid="34" releasedependency="11.0.1.1055" version="1.0.0.0" >
		<description country="ca" language="en">Status of the node.</description>
		<displayname country="ca" language="en">SD879827_SNMP_2</displayname>
	</scandetail>



	<scandetail id="3156102" monitoringtypeon="true" processforstate="false" cookid="34" releasedependency="11.0.1.1055" version="1.0.0.0" >
		<description country="ca" language="en">Status of core data services on the Controller VM.</description>
		<displayname country="ca" language="en">SD879827_SNMP_3</displayname>
	</scandetail>



	<scandetail id="3156103" monitoringtypeon="true" processforstate="false" cookid="34" releasedependency="11.0.1.1055" version="1.0.0.0" >
		<description country="ca" language="en">Status of metadata services on the Controller VM.</description>
		<displayname country="ca" language="en">SD879827_SNMP_4</displayname>
	</scandetail>
</service>
<?N-able-SDK version=3.0?>