<?xml version="1.0" encoding="UTF-8"?>
<serviceTemplates syntaxversion="2.1.0.0" xmlns="http://www.n-able.com"
    xmlns:xsi="http://www.w3.org/2001/XMLSchema-instance" xsi:schemaLocation="http://www.n-able.com file:///opt/nable/var/ncsai/etc/servicetemplate_v2_1_0_0.xsd">
    <serviceTemplate id="-1" version="2.1.0.0">
        <name>Nutanix Console</name>
        <description/>
        <deviceClass>Storage</deviceClass>
        <removesServices>false</removesServices>
        <services>
            <service autoReapply="false" id="101"
                isCustomService="false" name="Connectivity">
                <configurationName>Connectivity</configurationName>
                <action actionId="2"/>
                <parameters>
                    <parameter key="scan_interval" parameterId="10100"
                        type="1" useAssetInfo="false"
                        useDefaultValue="true" value="5"/>
                    <parameter key="timeout_value" parameterId="10101"
                        type="1" useAssetInfo="false"
                        useDefaultValue="true" value="30"/>
                    <parameter key="interval" parameterId="10102"
                        type="1" useAssetInfo="false"
                        useDefaultValue="true" value="1000"/>
                    <parameter key="packet_number" parameterId="10103"
                        type="1" useAssetInfo="false"
                        useDefaultValue="true" value="5"/>
                    <parameter key="packet_size" parameterId="10104"
                        type="1" useAssetInfo="false"
                        useDefaultValue="true" value="32"/>
                    <parameter key="default_ttl" parameterId="10105"
                        type="1" useAssetInfo="false"
                        useDefaultValue="true" value="255"/>
                </parameters>
                <thresholds>
                    <threshold detailName="PINGPLP"
                        monitoringType="Default" taskState="3"
                        valueHigh="45" valueLow="0" valueString="" valueStringEval=""/>
                    <threshold detailName="PINGPLP"
                        monitoringType="Default" taskState="4"
                        valueHigh="85" valueLow="35" valueString="" valueStringEval=""/>
                    <threshold detailName="PINGPLP"
                        monitoringType="Default" taskState="5"
                        valueHigh="100" valueLow="80" valueString="" valueStringEval=""/>
                    <threshold detailName="PINGRTT"
                        monitoringType="Default" taskState="3"
                        valueHigh="200" valueLow="0" valueString="" valueStringEval=""/>
                    <threshold detailName="PINGRTT"
                        monitoringType="Default" taskState="4"
                        valueHigh="400" valueLow="190" valueString="" valueStringEval=""/>
                    <threshold detailName="PINGRTT"
                        monitoringType="Default" taskState="5"
                        valueHigh="600000" valueLow="390" valueString="" valueStringEval=""/>
                    <threshold detailName="PINGTTL"
                        monitoringType="Default" taskState="3"
                        valueHigh="255" valueLow="2" valueString="" valueStringEval=""/>
                    <threshold detailName="PINGTTL"
                        monitoringType="Default" taskState="4"
                        valueHigh="1" valueLow="1" valueString="" valueStringEval=""/>
                    <threshold detailName="PINGTTL"
                        monitoringType="Default" taskState="5"
                        valueHigh="0" valueLow="0" valueString="" valueStringEval=""/>
                    <threshold detailName="PING_DNSR"
                        monitoringType="Default" taskState="3"
                        valueHigh="1" valueLow="1" valueString="" valueStringEval=""/>
                    <threshold detailName="PING_DNSR"
                        monitoringType="Default" taskState="5"
                        valueHigh="0" valueLow="0" valueString="" valueStringEval=""/>
                </thresholds>
                <selfHealing>
                    <selfHealingProperty
                        key="retryMonitoringBeforeSelfHeal" value="false"/>
                    <selfHealingProperty key="executeSelfHeal" value="false"/>
                    <selfHealingProperty
                        key="retryMonitoringIntervalAfterSelfHeal" value="10"/>
                    <selfHealingProperty
                        key="retryMonitoringCountAfterSelfHeal" value="3"/>
                    <selfHealingProperty key="waitIntervalAfterSelfHeal" value="3"/>
                    <selfHealingProperty
                        key="retryMonitoringCountBeforeSelfHeal" value="3"/>
                    <selfHealingProperty key="notificationType" value="FollowStandardNotificationRules"/>
                    <selfHealingProperty key="selectedStatuses" value=""/>
                    <selfHealingProperty
                        key="retryMonitoringIntervalBeforeSelfHeal" value="10"/>
                </selfHealing>
            </service>
            <service autoReapply="true" id="126" isCustomService="false" name="SNMP">
                <configurationName>SNMP</configurationName>
                <action actionId="2"/>
                <parameters>
                    <parameter key="scan_interval" parameterId="12600"
                        type="1" useAssetInfo="false"
                        useDefaultValue="true" value="15"/>
                </parameters>
                <thresholds>
                    <threshold detailName="SNMP_INVALID_NAME"
                        monitoringType="Default" taskState="3"
                        valueHigh="500" valueLow="0" valueString="" valueStringEval=""/>
                    <threshold detailName="SNMP_INVALID_NAME"
                        monitoringType="Default" taskState="4"
                        valueHigh="2500" valueLow="450" valueString="" valueStringEval=""/>
                    <threshold detailName="SNMP_INVALID_NAME"
                        monitoringType="Default" taskState="5"
                        valueHigh="4294967295" valueLow="2300"
                        valueString="" valueStringEval=""/>
                    <threshold detailName="SNMP_INVALID_STAT"
                        monitoringType="Default" taskState="3"
                        valueHigh="500" valueLow="0" valueString="" valueStringEval=""/>
                    <threshold detailName="SNMP_INVALID_STAT"
                        monitoringType="Default" taskState="4"
                        valueHigh="2500" valueLow="450" valueString="" valueStringEval=""/>
                    <threshold detailName="SNMP_INVALID_STAT"
                        monitoringType="Default" taskState="5"
                        valueHigh="18446744073709551615" valueLow="2300"
                        valueString="" valueStringEval=""/>
                    <threshold detailName="SNMP_INVALID_USER"
                        monitoringType="Default" taskState="3"
                        valueHigh="500" valueLow="0" valueString="" valueStringEval=""/>
                    <threshold detailName="SNMP_INVALID_USER"
                        monitoringType="Default" taskState="4"
                        valueHigh="2500" valueLow="450" valueString="" valueStringEval=""/>
                    <threshold detailName="SNMP_INVALID_USER"
                        monitoringType="Default" taskState="5"
                        valueHigh="4294967295" valueLow="2300"
                        valueString="" valueStringEval=""/>
                    <threshold detailName="SNMP_INVALID_VERSION"
                        monitoringType="Default" taskState="3"
                        valueHigh="500" valueLow="0" valueString="" valueStringEval=""/>
                    <threshold detailName="SNMP_INVALID_VERSION"
                        monitoringType="Default" taskState="4"
                        valueHigh="2500" valueLow="450" valueString="" valueStringEval=""/>
                    <threshold detailName="SNMP_INVALID_VERSION"
                        monitoringType="Default" taskState="5"
                        valueHigh="4294967295" valueLow="2300"
                        valueString="" valueStringEval=""/>
                    <threshold detailName="SNMP_PARSE_ERROR"
                        monitoringType="Default" taskState="3"
                        valueHigh="500" valueLow="0" valueString="" valueStringEval=""/>
                    <threshold detailName="SNMP_PARSE_ERROR"
                        monitoringType="Default" taskState="4"
                        valueHigh="2500" valueLow="450" valueString="" valueStringEval=""/>
                    <threshold detailName="SNMP_PARSE_ERROR"
                        monitoringType="Default" taskState="5"
                        valueHigh="4294967295" valueLow="2300"
                        valueString="" valueStringEval=""/>
                </thresholds>
                <selfHealing>
                    <selfHealingProperty
                        key="retryMonitoringBeforeSelfHeal" value="false"/>
                    <selfHealingProperty key="executeSelfHeal" value="false"/>
                    <selfHealingProperty
                        key="retryMonitoringIntervalAfterSelfHeal" value="10"/>
                    <selfHealingProperty
                        key="retryMonitoringCountAfterSelfHeal" value="3"/>
                    <selfHealingProperty key="waitIntervalAfterSelfHeal" value="3"/>
                    <selfHealingProperty
                        key="retryMonitoringCountBeforeSelfHeal" value="3"/>
                    <selfHealingProperty key="notificationType" value="FollowStandardNotificationRules"/>
                    <selfHealingProperty key="selectedStatuses" value=""/>
                    <selfHealingProperty
                        key="retryMonitoringIntervalBeforeSelfHeal" value="10"/>
                </selfHealing>
            </service>
            <service autoReapply="false" id="165"
                isCustomService="false" name="HTTPS">
                <configurationName>HTTPS</configurationName>
                <action actionId="2"/>
                <parameters>
                    <parameter key="scan_interval" parameterId="16500"
                        type="1" useAssetInfo="false"
                        useDefaultValue="true" value="5"/>
                    <parameter key="timeout_value" parameterId="16501"
                        type="1" useAssetInfo="false"
                        useDefaultValue="true" value="30"/>
                    <parameter key="port" parameterId="16502" type="1"
                        useAssetInfo="false" useDefaultValue="false" value="9440"/>
                    <parameter key="http_url" parameterId="16503"
                        type="2" useAssetInfo="false"
                        useDefaultValue="false" value=""/>
                    <parameter key="http_username" parameterId="16504"
                        type="2" useAssetInfo="false"
                        useDefaultValue="false" value=""/>
                    <parameter key="http_password" parameterId="16505"
                        type="2" useAssetInfo="false"
                        useDefaultValue="false" value=""/>
                    <parameter key="http_authentication_type"
                        parameterId="16506" type="2"
                        useAssetInfo="false" useDefaultValue="true" value="Basic"/>
                    <parameter key="normal_responsecode"
                        parameterId="16507" type="2"
                        useAssetInfo="false" useDefaultValue="true" value="100,101,200,201,202,203,204,205,206"/>
                    <parameter key="warning_responsecode"
                        parameterId="16508" type="2"
                        useAssetInfo="false" useDefaultValue="true" value="300,301,302,303,304,305,307"/>
                    <parameter key="content_regex" parameterId="16509"
                        type="2" useAssetInfo="false"
                        useDefaultValue="false" value=""/>
                </parameters>
                <thresholds>
                    <threshold detailName="HTTPS_AVAILABILITY"
                        monitoringType="Default" taskState="3"
                        valueHigh="1" valueLow="1" valueString="" valueStringEval=""/>
                    <threshold detailName="HTTPS_AVAILABILITY"
                        monitoringType="Default" taskState="4"
                        valueHigh="2" valueLow="2" valueString="" valueStringEval=""/>
                    <threshold detailName="HTTPS_AVAILABILITY"
                        monitoringType="Default" taskState="5"
                        valueHigh="0" valueLow="0" valueString="" valueStringEval=""/>
                    <threshold detailName="HTTPS_CNTMATCHED"
                        monitoringType="Default" taskState="3"
                        valueHigh="1" valueLow="1" valueString="" valueStringEval=""/>
                    <threshold detailName="HTTPS_CNTMATCHED"
                        monitoringType="Default" taskState="5"
                        valueHigh="0" valueLow="0" valueString="" valueStringEval=""/>
                    <threshold detailName="HTTPS_CRT"
                        monitoringType="Off" taskState="3" valueHigh="1"
                        valueLow="1" valueString="" valueStringEval=""/>
                    <threshold detailName="HTTPS_CRT"
                        monitoringType="Off" taskState="5" valueHigh="0"
                        valueLow="0" valueString="" valueStringEval=""/>
                    <threshold detailName="HTTPS_CRTEXP"
                        monitoringType="Default" taskState="3"
                        valueHigh="2147483647" valueLow="31"
                        valueString="" valueStringEval=""/>
                    <threshold detailName="HTTPS_CRTEXP"
                        monitoringType="Default" taskState="4"
                        valueHigh="30" valueLow="3" valueString="" valueStringEval=""/>
                    <threshold detailName="HTTPS_CRTEXP"
                        monitoringType="Default" taskState="5"
                        valueHigh="2" valueLow="-2147483648"
                        valueString="" valueStringEval=""/>
                    <threshold detailName="HTTPS_DNSR"
                        monitoringType="Default" taskState="3"
                        valueHigh="1" valueLow="1" valueString="" valueStringEval=""/>
                    <threshold detailName="HTTPS_DNSR"
                        monitoringType="Default" taskState="5"
                        valueHigh="0" valueLow="0" valueString="" valueStringEval=""/>
                    <threshold detailName="HTTPS_LATENCY"
                        monitoringType="Default" taskState="3"
                        valueHigh="10000" valueLow="0" valueString="" valueStringEval=""/>
                    <threshold detailName="HTTPS_LATENCY"
                        monitoringType="Default" taskState="4"
                        valueHigh="20000" valueLow="9500" valueString="" valueStringEval=""/>
                    <threshold detailName="HTTPS_LATENCY"
                        monitoringType="Default" taskState="5"
                        valueHigh="600000" valueLow="19500"
                        valueString="" valueStringEval=""/>
                    <threshold detailName="HTTPS_LOGIN"
                        monitoringType="Default" taskState="3"
                        valueHigh="1" valueLow="1" valueString="" valueStringEval=""/>
                    <threshold detailName="HTTPS_LOGIN"
                        monitoringType="Default" taskState="5"
                        valueHigh="0" valueLow="0" valueString="" valueStringEval=""/>
                </thresholds>
                <selfHealing>
                    <selfHealingProperty
                        key="retryMonitoringBeforeSelfHeal" value="false"/>
                    <selfHealingProperty key="executeSelfHeal" value="false"/>
                    <selfHealingProperty
                        key="retryMonitoringIntervalAfterSelfHeal" value="10"/>
                    <selfHealingProperty
                        key="retryMonitoringCountAfterSelfHeal" value="3"/>
                    <selfHealingProperty key="waitIntervalAfterSelfHeal" value="3"/>
                    <selfHealingProperty
                        key="retryMonitoringCountBeforeSelfHeal" value="3"/>
                    <selfHealingProperty key="notificationType" value="FollowStandardNotificationRules"/>
                    <selfHealingProperty key="selectedStatuses" value=""/>
                    <selfHealingProperty
                        key="retryMonitoringIntervalBeforeSelfHeal" value="10"/>
                </selfHealing>
            </service>
            <service autoReapply="true" id="400" isCustomService="false" name="Traffic">
                <configurationName>Traffic</configurationName>
                <action actionId="2"/>
                <parameters>
                    <parameter key="scan_interval" parameterId="40000"
                        type="1" useAssetInfo="false"
                        useDefaultValue="true" value="5"/>
                    <parameter key="Group.1.TargetIndex.0"
                        parameterId="40004" type="1" useAssetInfo="true"
                        useDefaultValue="false" value=""/>
                    <parameter key="Group.1.TargetValue.0"
                        parameterId="40005" type="2" useAssetInfo="true"
                        useDefaultValue="false" value=""/>
                    <parameter key="Group.1.TargetAlias.0"
                        parameterId="40006" type="2" useAssetInfo="true"
                        useDefaultValue="false" value=""/>
                    <parameter key="Group.1.Var.0.OID.0"
                        parameterId="40008" type="2"
                        useAssetInfo="false" useDefaultValue="false" value="1.3.6.1.2.1.2.2.1.2"/>
                    <parameter key="Group.1.Var.4.Value.0"
                        parameterId="40016" type="2"
                        useAssetInfo="false" useDefaultValue="true" value="100"/>
                    <parameter key="Group.1.Var.5.Value.0"
                        parameterId="40018" type="2"
                        useAssetInfo="false" useDefaultValue="true" value="100"/>
                    <parameter key="Scandetail.8.Type.0"
                        parameterId="40045" type="2"
                        useAssetInfo="false" useDefaultValue="false" value="UINT64"/>
                </parameters>
                <thresholds>
                    <threshold detailName="SNMP400_BITSINPERSEC"
                        monitoringType="Default" taskState="3"
                        valueHigh="80000000" valueLow="0" valueString="" valueStringEval=""/>
                    <threshold detailName="SNMP400_BITSINPERSEC"
                        monitoringType="Default" taskState="4"
                        valueHigh="90000000" valueLow="79000000"
                        valueString="" valueStringEval=""/>
                    <threshold detailName="SNMP400_BITSINPERSEC"
                        monitoringType="Default" taskState="5"
                        valueHigh="100000000" valueLow="85000000"
                        valueString="" valueStringEval=""/>
                    <threshold detailName="SNMP400_BITSOUTPERSEC"
                        monitoringType="Default" taskState="3"
                        valueHigh="80000000" valueLow="0" valueString="" valueStringEval=""/>
                    <threshold detailName="SNMP400_BITSOUTPERSEC"
                        monitoringType="Default" taskState="4"
                        valueHigh="90000000" valueLow="79000000"
                        valueString="" valueStringEval=""/>
                    <threshold detailName="SNMP400_BITSOUTPERSEC"
                        monitoringType="Default" taskState="5"
                        valueHigh="100000000" valueLow="85000000"
                        valueString="" valueStringEval=""/>
                    <threshold detailName="SNMP400_DOWNUTIL"
                        monitoringType="Default" taskState="3"
                        valueHigh="85" valueLow="0" valueString="" valueStringEval=""/>
                    <threshold detailName="SNMP400_DOWNUTIL"
                        monitoringType="Default" taskState="4"
                        valueHigh="95" valueLow="80" valueString="" valueStringEval=""/>
                    <threshold detailName="SNMP400_DOWNUTIL"
                        monitoringType="Default" taskState="5"
                        valueHigh="100" valueLow="90" valueString="" valueStringEval=""/>
                    <threshold detailName="SNMP400_TOTALBITSPERSEC"
                        monitoringType="Default" taskState="3"
                        valueHigh="180000000" valueLow="0"
                        valueString="" valueStringEval=""/>
                    <threshold detailName="SNMP400_TOTALBITSPERSEC"
                        monitoringType="Default" taskState="4"
                        valueHigh="190000000" valueLow="179000000"
                        valueString="" valueStringEval=""/>
                    <threshold detailName="SNMP400_TOTALBITSPERSEC"
                        monitoringType="Default" taskState="5"
                        valueHigh="200000000" valueLow="185000000"
                        valueString="" valueStringEval=""/>
                    <threshold detailName="SNMP400_UPUTIL"
                        monitoringType="Default" taskState="3"
                        valueHigh="85" valueLow="0" valueString="" valueStringEval=""/>
                    <threshold detailName="SNMP400_UPUTIL"
                        monitoringType="Default" taskState="4"
                        valueHigh="95" valueLow="80" valueString="" valueStringEval=""/>
                    <threshold detailName="SNMP400_UPUTIL"
                        monitoringType="Default" taskState="5"
                        valueHigh="100" valueLow="90" valueString="" valueStringEval=""/>
                    <threshold detailName="SNMP400_UTIL"
                        monitoringType="Default" taskState="3"
                        valueHigh="85" valueLow="0" valueString="" valueStringEval=""/>
                    <threshold detailName="SNMP400_UTIL"
                        monitoringType="Default" taskState="4"
                        valueHigh="95" valueLow="80" valueString="" valueStringEval=""/>
                    <threshold detailName="SNMP400_UTIL"
                        monitoringType="Default" taskState="5"
                        valueHigh="100" valueLow="90" valueString="" valueStringEval=""/>
                </thresholds>
                <selfHealing>
                    <selfHealingProperty
                        key="retryMonitoringBeforeSelfHeal" value="false"/>
                    <selfHealingProperty key="executeSelfHeal" value="false"/>
                    <selfHealingProperty
                        key="retryMonitoringIntervalAfterSelfHeal" value="10"/>
                    <selfHealingProperty
                        key="retryMonitoringCountAfterSelfHeal" value="3"/>
                    <selfHealingProperty key="waitIntervalAfterSelfHeal" value="3"/>
                    <selfHealingProperty
                        key="retryMonitoringCountBeforeSelfHeal" value="3"/>
                    <selfHealingProperty key="notificationType" value="FollowStandardNotificationRules"/>
                    <selfHealingProperty key="selectedStatuses" value=""/>
                    <selfHealingProperty
                        key="retryMonitoringIntervalBeforeSelfHeal" value="10"/>
                </selfHealing>
            </service>
            <service autoReapply="false" id="20609"
                isCustomService="false" name="Interface Health">
                <configurationName>Interface Health</configurationName>
                <action actionId="2"/>
                <parameters>
                    <parameter key="scan_interval" parameterId="2060900"
                        type="1" useAssetInfo="false"
                        useDefaultValue="true" value="5"/>
                    <parameter key="Group.0.TargetIndex.0"
                        parameterId="2060901" type="1"
                        useAssetInfo="true" useDefaultValue="false" value=""/>
                    <parameter key="Group.0.TargetValue.0"
                        parameterId="2060902" type="2"
                        useAssetInfo="true" useDefaultValue="false" value=""/>
                    <parameter key="Group.0.TargetAlias.0"
                        parameterId="2060903" type="2"
                        useAssetInfo="true" useDefaultValue="false" value=""/>
                    <parameter key="Scandetail.6.Map.Unknown"
                        parameterId="2060950" type="2"
                        useAssetInfo="false" useDefaultValue="false" value="4"/>
                </parameters>
                <thresholds>
                    <threshold detailName="SNMP20609_IF_IN_DISC"
                        monitoringType="Default" taskState="3"
                        valueHigh="0" valueLow="0" valueString="" valueStringEval=""/>
                    <threshold detailName="SNMP20609_IF_IN_DISC"
                        monitoringType="Default" taskState="4"
                        valueHigh="1" valueLow="1" valueString="" valueStringEval=""/>
                    <threshold detailName="SNMP20609_IF_IN_DISC"
                        monitoringType="Default" taskState="5"
                        valueHigh="4294967295" valueLow="2"
                        valueString="" valueStringEval=""/>
                    <threshold detailName="SNMP20609_IF_IN_ERRO"
                        monitoringType="Default" taskState="3"
                        valueHigh="0" valueLow="0" valueString="" valueStringEval=""/>
                    <threshold detailName="SNMP20609_IF_IN_ERRO"
                        monitoringType="Default" taskState="4"
                        valueHigh="1" valueLow="1" valueString="" valueStringEval=""/>
                    <threshold detailName="SNMP20609_IF_IN_ERRO"
                        monitoringType="Default" taskState="5"
                        valueHigh="4294967295" valueLow="2"
                        valueString="" valueStringEval=""/>
                    <threshold detailName="SNMP20609_IF_OPER_ST"
                        monitoringType="Default" taskState="3"
                        valueHigh="0" valueLow="0" valueString="" valueStringEval=""/>
                    <threshold detailName="SNMP20609_IF_OPER_ST"
                        monitoringType="Default" taskState="4"
                        valueHigh="1" valueLow="1" valueString="" valueStringEval=""/>
                    <threshold detailName="SNMP20609_IF_OPER_ST"
                        monitoringType="Default" taskState="5"
                        valueHigh="2" valueLow="2" valueString="" valueStringEval=""/>
                    <threshold detailName="SNMP20609_IF_OUT_DIS"
                        monitoringType="Default" taskState="3"
                        valueHigh="0" valueLow="0" valueString="" valueStringEval=""/>
                    <threshold detailName="SNMP20609_IF_OUT_DIS"
                        monitoringType="Default" taskState="4"
                        valueHigh="1" valueLow="1" valueString="" valueStringEval=""/>
                    <threshold detailName="SNMP20609_IF_OUT_DIS"
                        monitoringType="Default" taskState="5"
                        valueHigh="4294967295" valueLow="2"
                        valueString="" valueStringEval=""/>
                    <threshold detailName="SNMP20609_IF_OUT_ERR"
                        monitoringType="Default" taskState="3"
                        valueHigh="0" valueLow="0" valueString="" valueStringEval=""/>
                    <threshold detailName="SNMP20609_IF_OUT_ERR"
                        monitoringType="Default" taskState="4"
                        valueHigh="1" valueLow="1" valueString="" valueStringEval=""/>
                    <threshold detailName="SNMP20609_IF_OUT_ERR"
                        monitoringType="Default" taskState="5"
                        valueHigh="4294967295" valueLow="2"
                        valueString="" valueStringEval=""/>
                </thresholds>
                <selfHealing>
                    <selfHealingProperty
                        key="retryMonitoringBeforeSelfHeal" value="false"/>
                    <selfHealingProperty key="executeSelfHeal" value="false"/>
                    <selfHealingProperty
                        key="retryMonitoringIntervalAfterSelfHeal" value="10"/>
                    <selfHealingProperty
                        key="retryMonitoringCountAfterSelfHeal" value="3"/>
                    <selfHealingProperty key="waitIntervalAfterSelfHeal" value="3"/>
                    <selfHealingProperty
                        key="retryMonitoringCountBeforeSelfHeal" value="3"/>
                    <selfHealingProperty key="notificationType" value="FollowStandardNotificationRules"/>
                    <selfHealingProperty key="selectedStatuses" value=""/>
                    <selfHealingProperty
                        key="retryMonitoringIntervalBeforeSelfHeal" value="10"/>
                </selfHealing>
            </service>
            <service autoReapply="true" id="731050"
                isCustomService="true" name="Nutanix Disk Status">
                <configurationName>Nutanix Disk Status</configurationName>
                <action actionId="2"/>
                <parameters>
                    <parameter key="scan_interval"
                        parameterId="73105000" type="2"
                        useAssetInfo="false" useDefaultValue="true" value="0,5,10,15,20,25,30,35,40,45,50,55 0-23 * * *"/>
                    <parameter key="Group.0.TargetValue.0"
                        parameterId="73105005" type="2"
                        useAssetInfo="true" useDefaultValue="false" value=""/>
                    <parameter key="Scandetail.6.Map.0"
                        parameterId="73105028" type="2"
                        useAssetInfo="false" useDefaultValue="true" value="1"/>
                    <parameter key="Scandetail.6.Map.1"
                        parameterId="73105029" type="2"
                        useAssetInfo="false" useDefaultValue="true" value="0"/>
                    <parameter key="Scandetail.6.Map.2"
                        parameterId="73105030" type="2"
                        useAssetInfo="false" useDefaultValue="true" value="2"/>
                </parameters>
                <thresholds/>
                <selfHealing>
                    <selfHealingProperty
                        key="retryMonitoringBeforeSelfHeal" value="false"/>
                    <selfHealingProperty key="executeSelfHeal" value="false"/>
                    <selfHealingProperty
                        key="retryMonitoringIntervalAfterSelfHeal" value="10"/>
                    <selfHealingProperty
                        key="retryMonitoringCountAfterSelfHeal" value="3"/>
                    <selfHealingProperty key="waitIntervalAfterSelfHeal" value="3"/>
                    <selfHealingProperty
                        key="retryMonitoringCountBeforeSelfHeal" value="3"/>
                    <selfHealingProperty key="notificationType" value="FollowStandardNotificationRules"/>
                    <selfHealingProperty key="selectedStatuses" value=""/>
                    <selfHealingProperty
                        key="retryMonitoringIntervalBeforeSelfHeal" value="10"/>
                </selfHealing>
            </service>
            <service autoReapply="true" id="879827"
                isCustomService="true" name="Nutanix Controller">
                <configurationName>Nutanix Controller</configurationName>
                <action actionId="2"/>
                <parameters>
                    <parameter key="scan_interval"
                        parameterId="87982700" type="2"
                        useAssetInfo="false" useDefaultValue="true" value="0,5,10,15,20,25,30,35,40,45,50,55 0-23 * * *"/>
                    <parameter key="Group.0.TargetValue.0"
                        parameterId="87982714" type="2"
                        useAssetInfo="true" useDefaultValue="false" value=""/>
                </parameters>
                <thresholds/>
                <selfHealing>
                    <selfHealingProperty
                        key="retryMonitoringBeforeSelfHeal" value="false"/>
                    <selfHealingProperty key="executeSelfHeal" value="false"/>
                    <selfHealingProperty
                        key="retryMonitoringIntervalAfterSelfHeal" value="10"/>
                    <selfHealingProperty
                        key="retryMonitoringCountAfterSelfHeal" value="3"/>
                    <selfHealingProperty key="waitIntervalAfterSelfHeal" value="3"/>
                    <selfHealingProperty
                        key="retryMonitoringCountBeforeSelfHeal" value="3"/>
                    <selfHealingProperty key="notificationType" value="FollowStandardNotificationRules"/>
                    <selfHealingProperty key="selectedStatuses" value=""/>
                    <selfHealingProperty
                        key="retryMonitoringIntervalBeforeSelfHeal" value="10"/>
                </selfHealing>
            </service>
            <service autoReapply="false" id="1215803"
                isCustomService="true" name="Nutanix Cluster">
                <configurationName>Nutanix Capacity</configurationName>
                <action actionId="2"/>
                <parameters>
                    <parameter key="scan_interval"
                        parameterId="121580300" type="2"
                        useAssetInfo="false" useDefaultValue="true" value="0,5,10,15,20,25,30,35,40,45,50,55 0-23 * * *"/>
                </parameters>
                <thresholds/>
                <selfHealing>
                    <selfHealingProperty
                        key="retryMonitoringBeforeSelfHeal" value="false"/>
                    <selfHealingProperty key="executeSelfHeal" value="false"/>
                    <selfHealingProperty
                        key="retryMonitoringIntervalAfterSelfHeal" value="10"/>
                    <selfHealingProperty
                        key="retryMonitoringCountAfterSelfHeal" value="3"/>
                    <selfHealingProperty key="waitIntervalAfterSelfHeal" value="3"/>
                    <selfHealingProperty
                        key="retryMonitoringCountBeforeSelfHeal" value="3"/>
                    <selfHealingProperty key="notificationType" value="FollowStandardNotificationRules"/>
                    <selfHealingProperty key="selectedStatuses" value=""/>
                    <selfHealingProperty
                        key="retryMonitoringIntervalBeforeSelfHeal" value="10"/>
                </selfHealing>
            </service>
        </services>
    </serviceTemplate>
</serviceTemplates>
